{
	"Paid": [{
		"Text": "Yes",
		"RequestType": false
	}, {
		"Text": "No",
		"RequestType": false
	}],
	"VisaType": [{
		"key": "0",
		"value": ""
	}, {
		"key": "S",
		"value": "Single"
	}, {
		"key": "M",
		"value": "Multiple"
	}],
	"VisaTypeArabic": [{
		"key": "0",
		"value": ""
	}, {
		"key": "S",
		"value": "مفردة"
	}, {
		"key": "M",
		"value": "متعددة"
	}],
	"SinglePeriod": [{
		"key": "00",
		"value": ""
	}, {
		"key": "01",
		"value": "1"
	}, {
		"key": "02",
		"value": "2"
	}, {
		"key": "03",
		"value": "3"
	}, {
		"key": "04",
		"value": "4"
	}, {
		"key": "05",
		"value": "5"
	}, {
		"key": "06",
		"value": "6"
	}],
	"MultiPeriod": [{
		"key": "00",
		"value": ""
	}, {
		"key": "03",
		"value": "3"
	}, {
		"key": "04",
		"value": "4"
	}, {
		"key": "05",
		"value": "5"
	}, {
		"key": "06",
		"value": "6"
	}]
}