<edmx:Edmx
    xmlns:edmx="http://schemas.microsoft.com/ado/2007/06/edmx"
    xmlns:m="http://schemas.microsoft.com/ado/2007/08/dataservices/metadata"
    xmlns:sap="http://www.sap.com/Protocols/SAPData" Version="1.0">
    <edmx:DataServices m:DataServiceVersion="2.0">
        <Schema
            xmlns="http://schemas.microsoft.com/ado/2008/09/edm" Namespace="ZHR_FIORI_VISA_REQUEST_SRV" xml:lang="en" sap:schema-version="1">
            <EntityType Name="EmployeeInfo" sap:content-version="1">
                <Key>
                    <PropertyRef Name="EmployeeId"/>
                </Key>
                <Property Name="EmployeeId" Type="Edm.String" Nullable="false" MaxLength="8" sap:unicode="false" sap:label="Personnel no." sap:creatable="false" sap:updatable="false" sap:sortable="false" sap:filterable="false"/>
                <Property Name="EmployeeName" Type="Edm.String" Nullable="false" MaxLength="40" sap:unicode="false" sap:label="Empl./appl.name" sap:creatable="false" sap:updatable="false" sap:sortable="false" sap:filterable="false"/>
                <Property Name="LineManagerId" Type="Edm.String" Nullable="false" MaxLength="8" sap:unicode="false" sap:label="Direct Manager ID" sap:creatable="false" sap:updatable="false" sap:sortable="false" sap:filterable="false"/>
                <Property Name="LineManagerName" Type="Edm.String" Nullable="false" MaxLength="40" sap:unicode="false" sap:label="Direct Manager Name" sap:creatable="false" sap:updatable="false" sap:sortable="false" sap:filterable="false"/>
                <Property Name="DepartmentId" Type="Edm.String" Nullable="false" MaxLength="8" sap:unicode="false" sap:label="Department ID" sap:creatable="false" sap:updatable="false" sap:sortable="false" sap:filterable="false"/>
                <Property Name="DepartmentName" Type="Edm.String" Nullable="false" MaxLength="40" sap:unicode="false" sap:label="Deptartment Name" sap:creatable="false" sap:updatable="false" sap:sortable="false" sap:filterable="false"/>
                <Property Name="IqamaId" Type="Edm.String" Nullable="false" MaxLength="30" sap:unicode="false" sap:label="Identity Number" sap:creatable="false" sap:updatable="false" sap:sortable="false" sap:filterable="false"/>
            </EntityType>
            <EntityType Name="VisaRequestInfo" sap:content-version="1">
                <Key>
                    <PropertyRef Name="EmployeeId"/>
                    <PropertyRef Name="VisaRequest"/>
                </Key>
                <Property Name="EmployeeId" Type="Edm.String" Nullable="false" MaxLength="8" sap:unicode="false" sap:label="Personnel no." sap:creatable="false" sap:updatable="false" sap:sortable="false" sap:filterable="false"/>
                <Property Name="VisaRequest" Type="Edm.String" Nullable="false" MaxLength="3" sap:unicode="false" sap:label="Visa Request Count" sap:creatable="false" sap:updatable="false" sap:sortable="false" sap:filterable="false"/>
                <Property Name="VisaType" Type="Edm.String" Nullable="false" MaxLength="1" sap:unicode="false" sap:label="Visa Type" sap:creatable="false" sap:updatable="false" sap:sortable="false" sap:filterable="false"/>
                <Property Name="VisaTypeText" Type="Edm.String" Nullable="false" MaxLength="20" sap:unicode="false" sap:label="Visa Type Text" sap:creatable="false" sap:updatable="false" sap:sortable="false" sap:filterable="false"/>
                <Property Name="VisaStatu" Type="Edm.String" Nullable="false" MaxLength="2" sap:unicode="false" sap:label="Status" sap:creatable="false" sap:updatable="false" sap:sortable="false" sap:filterable="false"/>
                <Property Name="VisaStatuText" Type="Edm.String" Nullable="false" MaxLength="20" sap:unicode="false" sap:label="Visa Status Text" sap:creatable="false" sap:updatable="false" sap:sortable="false" sap:filterable="false"/>
                <Property Name="RequestReason" Type="Edm.String" Nullable="false" MaxLength="40" sap:unicode="false" sap:label="Request Reason" sap:creatable="false" sap:updatable="false" sap:sortable="false" sap:filterable="false"/>
                <Property Name="PaymentAmount" Type="Edm.Decimal" Nullable="false" Precision="14" Scale="3" sap:unicode="false" sap:unit="PaymentCurrency" sap:label="Payment Amount" sap:creatable="false" sap:updatable="false" sap:sortable="false" sap:filterable="false"/>
                <Property Name="PaymentCurrency" Type="Edm.String" Nullable="false" MaxLength="5" sap:unicode="false" sap:label="Currency" sap:creatable="false" sap:updatable="false" sap:sortable="false" sap:filterable="false" sap:semantics="currency-code"/>
                <Property Name="Paid" Type="Edm.Boolean" Nullable="false" sap:unicode="false" sap:label="Paid" sap:creatable="false" sap:updatable="false" sap:sortable="false" sap:filterable="false"/>
                <Property Name="PaidText" Type="Edm.String" Nullable="false" MaxLength="20" sap:unicode="false" sap:label="Paid Text" sap:creatable="false" sap:updatable="false" sap:sortable="false" sap:filterable="false"/>
                <Property Name="TimePeriod" Type="Edm.String" Nullable="false" MaxLength="2" sap:unicode="false" sap:label="Time Period" sap:creatable="false" sap:updatable="false" sap:sortable="false" sap:filterable="false"/>
                <Property Name="DepartureDate" Type="Edm.DateTime" Precision="7" sap:unicode="false" sap:label="Departure Date" sap:creatable="false" sap:updatable="false" sap:sortable="false" sap:filterable="false"/>
                <Property Name="ReturnDate" Type="Edm.DateTime" Precision="7" sap:unicode="false" sap:label="Return Date" sap:creatable="false" sap:updatable="false" sap:sortable="false" sap:filterable="false"/>
            </EntityType>
            <EntityContainer Name="ZHR_FIORI_VISA_REQUEST_SRV_Entities" m:IsDefaultEntityContainer="true" sap:supported-formats="atom json xlsx">
                <EntitySet Name="EmployeeInfoSet" EntityType="ZHR_FIORI_VISA_REQUEST_SRV.EmployeeInfo" sap:creatable="false" sap:updatable="false" sap:deletable="false" sap:pageable="false" sap:content-version="1"/>
                <EntitySet Name="VisaRequestSet" EntityType="ZHR_FIORI_VISA_REQUEST_SRV.VisaRequestInfo" sap:creatable="false" sap:updatable="false" sap:deletable="false" sap:pageable="false" sap:content-version="1"/>
                <FunctionImport Name="GetEmployeeInfo" ReturnType="ZHR_FIORI_VISA_REQUEST_SRV.EmployeeInfo" EntitySet="EmployeeInfoSet" m:HttpMethod="GET" sap:action-for="ZHR_FIORI_VISA_REQUEST_SRV.EmployeeInfo"/>
                <FunctionImport Name="GetVisaRequestInfoSet" ReturnType="Collection(ZHR_FIORI_VISA_REQUEST_SRV.VisaRequestInfo)" EntitySet="VisaRequestSet" m:HttpMethod="GET">
                    <Parameter Name="EmployeeId" Type="Edm.String" Mode="In" MaxLength="8"/>
                </FunctionImport>
            </EntityContainer>
            <atom:link
                xmlns:atom="http://www.w3.org/2005/Atom" rel="self" href="./sap/ZHR_FIORI_VISA_REQUEST_SRV/$metadata"/>
                <atom:link
                    xmlns:atom="http://www.w3.org/2005/Atom" rel="latest-version" href="./sap/ZHR_FIORI_VISA_REQUEST_SRV/$metadata"/>
                </Schema>
            </edmx:DataServices>
        </edmx:Edmx>